{
  "LightGCN": {
    "full": {
      "HR@10": 0.6818558409279205,
      "HR@20": 0.8458989229494615,
      "NDCG@10": 0.4014780231023422,
      "NDCG@20": 0.44327543339004455
    }
  },
  "LightGCN+SBERT": {
    "full": {
      "HR@10": 0.6850041425020712,
      "HR@20": 0.8480530240265121,
      "NDCG@10": 0.40401153106345633,
      "NDCG@20": 0.445325293729235
    }
  }
}